source	line_no	type	target
design/SCOPE.md	14	FEATURE	design/features/feat-001-prints-hello-world.md
design/SCOPE.md	18	FEATURE	design/features/feat-002-greets-user-by-name.md
design/SCOPE.md	22	FEATURE	design/features/feat-003-introduce-yourself.md
design/external-interfaces/interface-001-mvp-ui.md	14	FEATURE	design/features/feat-001-prints-hello-world.md
design/external-interfaces/interface-001-mvp-ui.md	14	FEATURE	design/features/feat-001-prints-hello-world.md
design/external-interfaces/interface-001-mvp-ui.md	15	FEATURE	design/features/feat-002-greets-user-by-name.md
design/external-interfaces/interface-001-mvp-ui.md	15	FEATURE	design/features/feat-002-greets-user-by-name.md
design/features/feat-001-prints-hello-world.md	23	TEST	design/test-scripts/test-001-script-for-mvp.md
design/features/feat-001-prints-hello-world.md	23	TEST	design/test-scripts/test-001-script-for-mvp.md
design/features/feat-002-greets-user-by-name.md	32	INTERFACE	design/external-interfaces/interface-001-mvp-ui.md
design/features/feat-002-greets-user-by-name.md	32	INTERFACE	design/external-interfaces/interface-001-mvp-ui.md
design/features/feat-002-greets-user-by-name.md	29	PROTOTYPE	design/prototypes/prototype-001-mvp.Rmd
design/features/feat-002-greets-user-by-name.md	29	PROTOTYPE	design/prototypes/prototype-001-mvp.Rmd
design/features/feat-002-greets-user-by-name.md	26	TEST	design/test-scripts/test-001-script-for-mvp.md
design/features/feat-002-greets-user-by-name.md	26	TEST	design/test-scripts/test-001-script-for-mvp.md
design/implementation/plans/plan-001-introduce-yourself.md	22	FEATURE	design/features/feat-003-introduce-yourself.md
design/implementation/plans/plan-001-introduce-yourself.md	22	FEATURE	design/features/feat-003-introduce-yourself.md
design/prototypes/prototype-001-mvp.Rmd	16	FEATURE	design/features/feat-001-prints-hello-world.md
design/prototypes/prototype-001-mvp.Rmd	16	FEATURE	design/features/feat-001-prints-hello-world.md
design/prototypes/prototype-001-mvp.Rmd	17	FEATURE	design/features/feat-002-greets-user-by-name.md
design/prototypes/prototype-001-mvp.Rmd	17	FEATURE	design/features/feat-002-greets-user-by-name.md
design/prototypes/prototype-001-mvp.Rmd	20	TESTDATA	src/test/resources/test-data-001-mvp.csv
design/prototypes/prototype-001-mvp.Rmd	20	TESTDATA	src/test/resources/test-data-001-mvp.csv
design/test-scripts/test-001-script-for-mvp.md	12	FEATURE	design/features/feat-001-prints-hello-world.md
design/test-scripts/test-001-script-for-mvp.md	12	FEATURE	design/features/feat-001-prints-hello-world.md
design/test-scripts/test-001-script-for-mvp.md	13	FEATURE	design/features/feat-002-greets-user-by-name.md
design/test-scripts/test-001-script-for-mvp.md	13	FEATURE	design/features/feat-002-greets-user-by-name.md
design/test-scripts/test-001-script-for-mvp.md	22	INTERFACE	design/external-interfaces/interface-001-mvp-ui.md
design/test-scripts/test-001-script-for-mvp.md	22	INTERFACE	design/external-interfaces/interface-001-mvp-ui.md
design/test-scripts/test-001-script-for-mvp.md	42	TESTDATA	src/test/resources/test-data-001-mvp.csv
design/test-scripts/test-001-script-for-mvp.md	42	TESTDATA	src/test/resources/test-data-001-mvp.csv
src/main/java/Greeter.java	22	IMPLEMENTS	design/features/feat-001-prints-hello-world.md
src/main/java/Greeter.java	23	IMPLEMENTS	design/features/feat-002-greets-user-by-name.md
src/test/java/GreeterTest.java	49	IMPLEMENTS	design/external-interfaces/interface-001-mvp-ui.md
src/test/java/GreeterTest.java	32	IMPLEMENTS	design/test-scripts/test-001-script-for-mvp.md
src/test/java/InternationalGreeterTest.java	25	REPRODUCES	design/implementation/issues/issue-001-lack-of-internationalisation.md
